{
    "fechaUTC": "2025-09-05T22:28:19.9467854Z",
    "duracionSeg": 15.060335159301758,
    "generados": 30,
    "despachados": 4,
    "enPila": 26,
    "maxAlturaPila": 25,
    "tiempoPromedioDespacho": 3.5,
    "pesoTotalDespachado": 9.65999984741211,
    "ingresoTotalDespachado": 1187.1700439453125
}